{"action_class_counts":[22210,1240,2950,1499,1824,1035,1220,1401,1583,2042,1849,1909,1584],"action_weights":[0.283469,1.19969,0.777802,1.091137,0.989162,1.313137,1.209484,1.128654,1.061792,0.934872,0.982453,0.96689,1.061457],"cache_receipt_sha256":"6d885338f9b51319e7246f723e3de48f7ddfc09fb51cbf64527cf273d891c60a","config":{"aux_weight":0.2,"batch":1024,"dropout":0.15,"epochs":6,"hidden":192,"label_smoothing":0.03,"lr":0.0008,"name":"mlm1-state","route_weight":0.25,"seed":17,"state_dir":"experiments/sp-transformer/states-mlm1-seed17","strict":true,"threads":12,"wd":0.0001},"epochs":[{"calibration_100":{"accuracy":0.5549033149171271,"macro_f1":0.5900211549111065,"overrides":98,"retention":1.0,"threshold":0.8561911582946777},"calibration_995":{"accuracy":0.631042817679558,"macro_f1":0.6567724716374674,"overrides":825,"retention":0.9952501583280557,"threshold":0.6337344646453857},"checkpoint":"state-router-mlm1-state-seed17-epoch1.pt","checkpoint_sha256":"608591a9d4a49539b6d649caf41c2f6470125d175090fcd53eb32ac8263d34e6","elapsed_seconds":4.444,"epoch":1,"selected_calibration":"100","suites":{"router-real-v2-heldout":{"accuracy":0.933333,"base_correct":56,"correct":56,"examples":60,"macro_f1":0.93401,"overrides":0,"regressions":0,"repairs":0},"router-real-v3-final":{"accuracy":0.541667,"base_correct":26,"correct":26,"examples":48,"macro_f1":0.526329,"overrides":0,"regressions":0,"repairs":0},"router-v2-original-heldout":{"accuracy":0.957831,"base_correct":477,"correct":477,"examples":498,"macro_f1":0.95019,"overrides":0,"regressions":0,"repairs":0},"suite-80":{"accuracy":0.7375,"base_correct":59,"correct":59,"examples":80,"macro_f1":0.738982,"overrides":0,"regressions":0,"repairs":0}},"train":{"action":2.133481,"authority":0.21122,"context":0.474154,"loss":3.027123,"mode":0.587001,"outcomes":0.564636,"route":2.104961}},{"calibration_100":{"accuracy":0.5587016574585635,"macro_f1":0.5929715708040072,"overrides":93,"retention":1.0,"threshold":0.9361153244972229},"calibration_995":{"accuracy":0.7613950276243094,"macro_f1":0.7717061152064177,"overrides":1741,"retention":0.9952501583280557,"threshold":0.6276251673698425},"checkpoint":"state-router-mlm1-state-seed17-epoch2.pt","checkpoint_sha256":"b5164daead00a4c3cd916c1e09f4e048657475b753eedc0720389ed1f5e33c0a","elapsed_seconds":9.453,"epoch":2,"selected_calibration":"100","suites":{"router-real-v2-heldout":{"accuracy":0.933333,"base_correct":56,"correct":56,"examples":60,"macro_f1":0.93401,"overrides":0,"regressions":0,"repairs":0},"router-real-v3-final":{"accuracy":0.583333,"base_correct":26,"correct":28,"examples":48,"macro_f1":0.583631,"overrides":2,"regressions":0,"repairs":2},"router-v2-original-heldout":{"accuracy":0.957831,"base_correct":477,"correct":477,"examples":498,"macro_f1":0.95019,"overrides":0,"regressions":0,"repairs":0},"suite-80":{"accuracy":0.7375,"base_correct":59,"correct":59,"examples":80,"macro_f1":0.735743,"overrides":2,"regressions":0,"repairs":0}},"train":{"action":1.283463,"authority":0.092789,"context":0.221918,"loss":1.650171,"mode":0.198881,"outcomes":0.197176,"route":0.898218}},{"calibration_100":{"accuracy":0.6312154696132597,"macro_f1":0.6574361169825595,"overrides":505,"retention":1.0,"threshold":0.9118835926055908},"calibration_995":{"accuracy":0.8297651933701657,"macro_f1":0.8309412487917541,"overrides":1908,"retention":0.9952501583280557,"threshold":0.6435417532920837},"checkpoint":"state-router-mlm1-state-seed17-epoch3.pt","checkpoint_sha256":"738f3038d6022499ceaca46babcccef7dd5d4a2cbd6fbcf4479db8c9cfae354d","elapsed_seconds":14.52,"epoch":3,"selected_calibration":"100","suites":{"router-real-v2-heldout":{"accuracy":0.933333,"base_correct":56,"correct":56,"examples":60,"macro_f1":0.926154,"overrides":2,"regressions":1,"repairs":1},"router-real-v3-final":{"accuracy":0.604167,"base_correct":26,"correct":29,"examples":48,"macro_f1":0.600525,"overrides":3,"regressions":0,"repairs":3},"router-v2-original-heldout":{"accuracy":0.955823,"base_correct":477,"correct":476,"examples":498,"macro_f1":0.948876,"overrides":1,"regressions":1,"repairs":0},"suite-80":{"accuracy":0.7375,"base_correct":59,"correct":59,"examples":80,"macro_f1":0.735743,"overrides":2,"regressions":0,"repairs":0}},"train":{"action":0.95251,"authority":0.068063,"context":0.15333,"loss":1.188052,"mode":0.10846,"outcomes":0.107911,"route":0.591956}},{"calibration_100":{"accuracy":0.724792817679558,"macro_f1":0.7384761500892231,"overrides":1057,"retention":1.0,"threshold":0.895086944103241},"calibration_995":{"accuracy":0.9084944751381215,"macro_f1":0.9088870961493933,"overrides":2372,"retention":0.9955668144395187,"threshold":0.567056856187291},"checkpoint":"state-router-mlm1-state-seed17-epoch4.pt","checkpoint_sha256":"03db200dba34ce53c1752bbbe43b53386121c8ba05260903181f6a5df2bd2f50","elapsed_seconds":19.755,"epoch":4,"selected_calibration":"100","suites":{"router-real-v2-heldout":{"accuracy":0.933333,"base_correct":56,"correct":56,"examples":60,"macro_f1":0.926154,"overrides":2,"regressions":1,"repairs":1},"router-real-v3-final":{"accuracy":0.625,"base_correct":26,"correct":30,"examples":48,"macro_f1":0.614881,"overrides":4,"regressions":0,"repairs":4},"router-v2-original-heldout":{"accuracy":0.949799,"base_correct":477,"correct":473,"examples":498,"macro_f1":0.946317,"overrides":5,"regressions":4,"repairs":0},"suite-80":{"accuracy":0.7375,"base_correct":59,"correct":59,"examples":80,"macro_f1":0.735743,"overrides":2,"regressions":0,"repairs":0}},"train":{"action":0.769027,"authority":0.055,"context":0.114241,"loss":0.95464,"mode":0.072887,"outcomes":0.071919,"route":0.491216}},{"calibration_100":{"accuracy":0.7085635359116023,"macro_f1":0.7245794559146908,"overrides":946,"retention":1.0,"threshold":0.9397569894790649},"calibration_995":{"accuracy":0.9373273480662984,"macro_f1":0.9360963966645923,"overrides":2502,"retention":0.9952501583280557,"threshold":0.5690454244613647},"checkpoint":"state-router-mlm1-state-seed17-epoch5.pt","checkpoint_sha256":"8d519348fae21f6a844bf4f114e18efaafbdcaa36f76a7daecf83982eb5034d5","elapsed_seconds":25.034,"epoch":5,"selected_calibration":"100","suites":{"router-real-v2-heldout":{"accuracy":0.933333,"base_correct":56,"correct":56,"examples":60,"macro_f1":0.926154,"overrides":2,"regressions":1,"repairs":1},"router-real-v3-final":{"accuracy":0.645833,"base_correct":26,"correct":31,"examples":48,"macro_f1":0.63382,"overrides":5,"regressions":0,"repairs":5},"router-v2-original-heldout":{"accuracy":0.955823,"base_correct":477,"correct":476,"examples":498,"macro_f1":0.950662,"overrides":2,"regressions":1,"repairs":0},"suite-80":{"accuracy":0.7375,"base_correct":59,"correct":59,"examples":80,"macro_f1":0.735743,"overrides":2,"regressions":0,"repairs":0}},"train":{"action":0.652894,"authority":0.046077,"context":0.091923,"loss":0.809751,"mode":0.053023,"outcomes":0.052313,"route":0.43276}},{"calibration_100":{"accuracy":0.8102555248618785,"macro_f1":0.8181608604140993,"overrides":1536,"retention":1.0,"threshold":0.8878095746040344},"calibration_995":{"accuracy":0.9618439226519337,"macro_f1":0.9618194548675035,"overrides":2618,"retention":0.9952501583280557,"threshold":0.4672107023411371},"checkpoint":"state-router-mlm1-state-seed17-epoch6.pt","checkpoint_sha256":"206afb38853fde7dd7b430b69e2c5f763e3f87e48de56fdcd88565cd86536de6","elapsed_seconds":30.615,"epoch":6,"selected_calibration":"100","suites":{"router-real-v2-heldout":{"accuracy":0.916667,"base_correct":56,"correct":55,"examples":60,"macro_f1":0.90974,"overrides":3,"regressions":2,"repairs":1},"router-real-v3-final":{"accuracy":0.625,"base_correct":26,"correct":30,"examples":48,"macro_f1":0.619465,"overrides":4,"regressions":0,"repairs":4},"router-v2-original-heldout":{"accuracy":0.945783,"base_correct":477,"correct":471,"examples":498,"macro_f1":0.941087,"overrides":7,"regressions":6,"repairs":0},"suite-80":{"accuracy":0.7375,"base_correct":59,"correct":59,"examples":80,"macro_f1":0.735743,"overrides":2,"regressions":0,