{
  "artifact_bytes": 61960,
  "artifact_sha256": "73e19ec7016423a99c4ff21d5954efcfa65b66356463ab49472e69d9f9925a9c",
  "changed_tensor_count": 27,
  "claim_boundary": "Training and changed tensors are real. The corpus is deterministic synthetic supervision derived from the repository's 12-route protocol and does not replace untouched real-corpus admission.",
  "elapsed_seconds": 20.509,
  "gradient_steps": 252,
  "heldout": {
    "authority_accuracy": 0.9201388888888888,
    "context_accuracy": 0.8715277777777778,
    "examples": 288,
    "guarded_protocol_exact": 0.4236111111111111,
    "protocol_exact": 0.4236111111111111,
    "route_accuracy": 0.3819444444444444,
    "routed_protocol_exact": 0.4861111111111111,
    "transform_accuracy": 0.6527777777777778
  },
  "heldout_error_ids": [
    "test-decision-0018",
    "test-checklist-0006",
    "test-event-0008",
    "test-errands-0004",
    "test-next_action-0008",
    "test-summary-0003",
    "test-summary-0000",
    "test-event-0019",
    "test-compound-0023",
    "test-plan-0006",
    "test-event-0023",
    "test-summary-0017",
    "test-study-0006",
    "test-compound-0010",
    "test-summary-0008",
    "test-message-0010",
    "test-event-0017",
    "test-compound-0009",
    "test-study-0013",
    "test-decision-0012",
    "test-summary-0007",
    "test-study-0012",
    "test-event-0007",
    "test-study-0016"
  ],
  "initial_state_sha256": "1e63e4ffa085203b09069234da8d12272eff2c9fa17098f33ff3f644d1d34274",
  "parameter_count": 43706,
  "promotion": "not-admitted",
  "quantization_retention": {
    "guarded_protocol": 1.0081967213114753,
    "route": 0.990909090909091
  },
  "quantized_heldout": {
    "authority_accuracy": 0.9201388888888888,
    "context_accuracy": 0.8715277777777778,
    "examples": 288,
    "guarded_protocol_exact": 0.4270833333333333,
    "protocol_exact": 0.4270833333333333,
    "route_accuracy": 0.3784722222222222,
    "routed_protocol_exact": 0.4826388888888889,
    "transform_accuracy": 0.6527777777777778
  },
  "schema": "archie-synthetic-reasoning-training-receipt/v1",
  "seed": 20260720,
  "splits": {
    "dev": {
      "rows": 216,
      "sha256": "bf639cb67c28138eec1a485421fbcedab8345e4236a78bce30cb9185f68be612"
    },
    "test": {
      "rows": 288,
      "sha256": "5ffd3732e3e0dea04e96177f81d54b71067ec0e333d6c608233cb8a8bd8179b6"
    },
    "train": {
      "rows": 864,
      "sha256": "884ee2e4b628c452579a128fb7485557881644a0e59e99e8426f371d8a7203ed"
    }
  },
  "tensor_count": 27,
  "trained_state_sha256": "edba3fa3efb2f176562af1aa5c05349f76d680236f4046cb78f70342fcb4dce8"
}
